,nome_followers
0,tkersey
1,njonsson
2,bangpound
3,digitalextremist
4,koconder
5,mlsj1
6,syug
7,neopunisher
8,jazzwang
9,fly51fly
10,fallenpegasus
11,fribeiro1
12,chchrist
13,massimoselvi
14,ScottJWalter
15,mindcrime
16,MarceloNascimento
17,dmsbilas
18,thimslugga
19,leecardona
20,semsphy
21,srp19
22,DaemonCahill
23,Cambera
24,riyadparvez
25,mitaka
26,ZhangYunfang
27,temosy
28,manuelhunziker
29,pedro-lima
30,alexharvey
31,josh-fisher
32,pdevenraj
33,nerandell
34,raghuboosetty
35,tdmalone
36,34code
37,burib
38,whn09
39,bobbyearl
40,ahlfors
41,bsrz
42,mailmahee
43,daefresh
44,dofstar
45,codee
46,EdZava
47,pmanolak
48,kistasi
49,firebitsbr
50,glaucodiogo
51,manjunathd
52,afonsoalban
53,rsaa
54,hvn0413
55,duxing2007
56,ste93cry
57,terran1942
58,itanoss
59,thesobercoder
60,rickymaciel
61,KevinGimbel
62,zsp0817
63,konamo
64,voldyman
65,golf-x
66,alexjennings
67,somaditya
68,apjowen
69,dengqixing
70,Davi-He
71,godsoul
72,kumar-nitish
73,PandaBlessing
74,andyuls
75,juanjoruiz2109
76,mangualero
77,proverbs53
78,universewrld
79,HJiefeng
80,kkpan11
81,plumcube
82,magigo
83,flukebox
84,jakebrinkmann
85,AAbasinejad
86,virtuoushub
87,huamichaelchen
88,mumblepins
89,b3nkos
90,bretdarby
91,srinitude
92,the-watchmaker
93,codinggooner
94,kimpenguin
95,weisberg
96,ace-coder
97,infinitedreams9586
98,tusharsoni08
99,hoansgithub
100,schallerala
101,alexxyjiang
102,garciparedes
103,keshabb
104,s0nlxaftrsh0ck
105,mklemann-com
106,roykalony
107,thomasdalbert
108,edisona
109,Steven-Acomb
110,jodavaho
111,side9show
112,teeksingh
113,kevingrondin
114,unlitdev
115,well1791
116,mleziva
117,ykaidashov
118,anand-b
119,xGreat
120,MatterhornProject
121,tolgabuyuktanir
122,cash2059
123,vedamj01
124,rodazuero
125,JustCallMe-AK
126,Wyvernslay3r
127,gabrlyg
128,paulosiciliano
129,martinvaldivia
130,rdczhby
131,mys328
132,andrey-berenda
133,sinhang
134,Lakshmiaddepalli
135,mohamed-abdelsattar92
136,rawer886
137,thanhcsf
138,junaid109
139,bafeiyu
140,Ylmzef
141,anlexN
142,Janujan
143,fwblcz
144,djinl520
145,protyay
146,selfishprimate
147,Mwalthery
148,GregAllenSmith
149,zgover
150,avestura
151,aspindle
152,pqrsooo
153,evanshrestha
154,bos-hieu
155,sonimonish00
156,ljesparis
157,imvikramn
158,massivelivefun
159,garrettrh
160,ghishadow
161,shower1986
162,mseld
163,JasonYe88
164,seshurajup
165,xiaopizi19
166,pelamlio
167,Asavarkhul
168,ajay340
169,custadian
170,KlwntSingh
171,FelixFeliciant
172,learnerzhang
173,gamedebug
174,jonathanarodr
175,osama-ahmed
176,nir-zilberman
177,bigDP
178,WajahatSiddiqui
179,markjohnlucas
180,Vaibhav
181,manavchoudhary
182,nikolaospapachristou
183,vslala
184,Ngel-Castro
185,dawei-wang
186,George-Petrovski
187,JeffUssing
188,yxblee
189,barisates
190,ankkrish
191,pereirakadu
192,justinsamuel92
193,dotsnangles
194,609151318
195,RyanAugust
196,noid11
197,ioing
198,AruulmozhivarmanS
199,Tusharjagi
200,ivaylo-yordanov
201,emullaraj
202,mcguegi
203,nbhirud
204,fischerleon
205,UmutSERIFLER
206,zhu0823
207,Joe192168
208,LindaHaviv
209,ball582
210,dmitrykrisko
211,we1l1n
212,dongzhuoyao
213,xuelangqingkong
214,godobyte
215,chanffdavid
216,anomaly-88
217,undabah
218,aymenbelarbi
219,ashish936
220,giotramu
221,guilhermebc
222,SMBgurus
223,mate-h
224,artur-sak13
225,yorshreynoso
226,yehuizhang
227,AAdewunmi
228,charaton
229,vonzou
230,jaymahfudy
231,maxsxu
232,keita-hino
233,KyuDounSim
234,Anirudh257
235,joaoantoniomartinsfilho
236,AnsonHwang86
237,anirudhbagri
238,STCYC
239,rsmelo92
240,StrangerCoug
241,keren123
242,noodanee
243,alobe
244,JadeCong
245,graceko22
246,Timotej979
247,erenaslandev
248,serhiiklenachov
249,camerondurham
250,khanhhuy288
251,gstair
252,ifbowen
253,hotsticker
254,ningfc
255,RishabhKr97
256,jiangoz
257,ardasatata
258,Murplugg
259,tanvirstreame
260,kworkbee
261,arnab-ray
262,StarDustTwinkle
263,bahadirsahin
264,SMSesay
265,jamestiotio
266,anuj97
267,yaelBrown
268,motmaytinh
269,NoxGamingQC
270,aravinthakannan
271,lingjiekong
272,janviyao
273,hijiki51
274,mksarge
275,pradeepkni382
276,rdnasim
277,shrinidhibarthur
278,StrangeKnowledgeIncresed
279,Austin47
280,shokriw
281,franklin-monreal
282,xxh031203
283,lossfunc
284,feapaydin
285,loumalouomega
286,garyhtou
287,d3v2null
288,msweetland
289,jrjm1111
290,mitutitu16
291,akashsathyan
292,chrisskhoury
293,jeremychauvet
294,riturajDas
295,Logicus03
296,chinchillajared
297,isabelchaves
298,shikharsaxena98
299,flukelaster
300,rjuer
301,mussieh
302,lintsai
303,nj1787
304,Joebig7
305,hanwgyu
306,wudangqibujie
307,DihanDai
308,drewfrost
309,contimatteo
310,amaankulshreshtha
311,hackenbacker
312,petronem
313,my1795
314,Pzoom522
315,hahacyd
316,wangtiechuan
317,lynmison
318,anaghkanungo7
319,RickyC0626
320,WladFrazao
321,Ming0217
322,caesar-one
323,Ishanna
324,nvspavankalyanch
325,devStarscream
326,nkn6294live
327,ShwetaShivangi
328,amwi04
329,pd14196
330,tychodev321
331,Baleryom
332,caitinc
333,almokhtarbr
334,andreacip
335,alexanderafanasov
336,thapaashis110
337,soccernut
338,mdobro1
339,saneknight
340,AnhTrieu
341,janmarkuslanger
342,morinyan
343,gujiacun
344,adileone
345,BIGChask
346,mapjx
347,fuhaoma
348,DXLZ
349,nuffQuantumSayd
350,kekemao00
351,lamsd
352,anuq
353,igorasantos
354,metaphor0
355,iashutoshtiwari
356,yaravi
357,skippermin
358,masakiasami
359,huannvttd98
360,thatbeautifuldream
361,happyqq
362,iameduardod
363,wuchunfu
364,venkate5hgunda
365,whuhxb
366,ronnielutalo
367,Samutichev
368,jongan69
369,tkruer
370,kayericson
371,LuGO0
372,cultivate5253
373,akazyti
374,boomer2752
375,Luccasoli
376,abheesht17
377,HebaElGalad
378,himanshututeja1998
379,sevenhqj
380,CWHer
381,Pei1133
382,SamuelMaculuve
383,pasenchenko
384,jinjidong
385,eemailme
386,Nikronic
387,Razdeep
388,FenTheDev
389,skywalkersPadawan
390,patrick22414
391,Jiahuan-Pei
392,preciouschydo
393,johngunerli
394,akashmdkml
395,Menotron
396,smustafa75
397,nanaboat1
398,Karim-53
399,EthanC-8
400,nitinnbisht
401,ericpark123
402,5l1v3r1
403,Yulv-git
404,hexolan
405,moqsien
406,MilleniumSpark
407,sagsango
408,Programador89
409,robertgro
410,JasonMoon95
411,jackpan123
412,bshreddy
413,TsukasaSeto
414,PallaviVarandani
415,alvinlal
416,awabasher
417,Katsukiniwa
418,PMcTwist
419,hqng
420,shiminfxcvii
421,sigsant
422,celikgokhun
423,shiva0612
424,kyamashiro
425,Turbocaspal
426,davnunes
427,afondiel
428,johnnyrtrentin
429,stnorbi
430,stacyrymer86
431,zero-null
432,jh9875
433,GITWHB
434,ricardosuman
435,mencarellic
436,rabbithophop
437,ftf1218
438,hirawatt
439,adilet-saken
440,marcomamprin
441,Thejuskbenny
442,nanaxumu
443,GabrielFerrante
444,tinahuang222
445,Bhavuk-Garg
446,Mzon2857
447,mjsheikh
448,anishamalde
449,TeddyCom1
450,prabhumns
451,HyunjunA
452,harishravi121
453,iamharvey
454,rahul-zomato
455,avanishvyas
456,inframarauder
457,YjqZhouxiao
458,ericlinsd
459,adhamsalama
460,LuoTailong
461,sovansambath-phann
462,rkej
463,jinshuye
464,ibn-khafagah
465,kartikeytewari
466,MD-ARFIN
467,johan-lab
468,ambanerjee
469,bzamith
470,deviknitkkr
471,Abirul
472,nesakobi
473,RobertConde
474,hartl3y94
475,saarthdeshpande
476,leechenze
477,Dexterzprotege
478,sandrawilczynski
479,Debarshi95
480,gauharayub
481,GowthamSk1
482,PolyVoid
483,middas-0706
484,WendyYanto
485,batuhan-basoglu
486,OpenDev-AI
487,claudsonbarros
488,yotamnahum
489,huiminlim
490,sumukhteja
491,valtab
492,JankinTian
493,theroyakash
494,sadoreko
495,billsenxu
496,MarcoSantonastasi
497,kevin909cty
498,amadsalmon
499,infinitepower18
500,ashr4f1arr2ad
501,rgdyy
502,shayanekat
503,KlinKlinKlin
504,ishu-thakur
505,brijeshbhalodiya
506,zaaakher
507,XRLZX8
508,soumyadbanik
509,zhnzhang
510,yhf98
511,xjhofernandes
512,gauravagrwal
513,juanca-jimi
514,mapy1874
515,JohnDNC
516,zeelsheladiya
517,ImKunYoung
518,EduardHov
519,yician1000
520,risejl
521,mahmoudmohamed22
522,johnmccants002
523,samedsemihs
524,aymandarwish
525,HongLouyemeng
526,maniac1122
527,Sambit650
528,kohring
529,okonri
530,cnhuz
531,liltommy1dev
532,Wwillers
533,owini
534,amirmojarad
535,devkcud
536,RichardZj
537,codemikko
538,MarcoSteinke
539,acox216
540,smy1999
541,anujchoudhary-17
542,mazrean
543,XrosLiang
544,994Simone
545,Mystic-77
546,bruno-aires
547,Jirigesi
548,imokhtar
549,ArthurAnastopulos
550,guilefoylegaurav
551,denmj
552,frankxzAmazon
553,ericwidjaja
554,mirfanaslam
555,nayeonshin
556,xiaozhiob
557,u-yas
558,smelouah
559,icqmula
560,dmascheck
561,Abhirajnow
562,sanjuchandra
563,cccaimingjian
564,anurag01a
565,masrafi115
566,sm-heard
567,agastaldellomaccomit
568,steffiypx
569,AdnanAaddi
570,MaxDeveloper16
571,leonardofoohawyang
572,tenpa007
573,gtrman97
574,MuffinAmor
575,rushilenekar20
576,soma2000-lang
577,jin-sungdae
578,Git-Codder
579,goillotc
580,2019-GitHub-Chu
581,chinkin707
582,frankporco
583,adithya1010
584,anubhvshrma18
585,Aditya-Khemka
586,FrankQixiangGao
587,alikemalozgumus
588,Codesmaster-lab
589,gwd666
590,Supriyo8799
591,Maher-RJ
592,Dajun-2019
593,Symon629
594,prad-j
595,huiyouyou
596,huai-jie
597,chrichri17
598,GessioMori
599,TylerMamrot
600,danmslamt
601,Pecorari
602,1MuhammadFarhanAslam
603,najmehn00
604,TatsuyaNakagoshi
605,NonymousMorlock
606,EfeAcar6431
607,akinfelami
608,avstreamdevpro
609,mijung-in-11st
610,simonjgr
611,avadhutjc
612,MLHaddon
613,Capital-SetMawHtay
614,jcork4real
615,aditya-repos
616,spencerlepine
617,calbergs
618,yusuke-z
619,SAKILsCode
620,jimmysmits
621,Drag0nf1y
622,JohnDoll2023
623,ssantoshp
624,mmhamdy
625,VitorAkira-me
626,solfonte
627,HeroIPmonkey
628,Matt-Bulk
629,xiao-cy
630,galichy79
631,thefaheemkhan
632,avishekchy45
633,Derokkk
634,Shahna-C
635,DankBoi293
636,grahamwaters
637,jaymepsantos
638,mohamedhabibwork
639,rajveer43
640,Thilak-KN
641,katopiler
642,AesisGit
643,OBud75
644,yosefkiros
645,ralintuscano
646,bcovies
647,FurkanEdizkan
648,SegaGLm
649,celso-na-teixeira
650,nilesh05apr
651,EM51641
652,seanpm2001
653,dylanhood
654,JohnPPinto
655,oss-mad
656,AHANCIT
657,sebaminaya0
658,d-t-n
659,rbuchmann77
660,SeifEldinMohamed
661,SteCC
662,JoseRicardoPE
663,PhumyJS
664,yuyingjun0922
665,SHakhzodTojiyev
666,ShabbirHasan1
667,klkuogamer
668,Gopalakrishnang99
669,yagikota
670,DougRog
671,rdbender
672,uivid64
673,deevanshu-k
674,linquint
675,PhaedrusFlow
676,nguyen-duy-tan
677,Tpeach9474
678,KennyOliver
679,ronnieangeles
680,mahmud0v
681,carnate-tech
682,Ghost1386
683,istellaliu
684,QuantumBoy1010
685,polygonnedpotato
686,MadushanNimantha
687,Choikyudong
688,Harshi-itaSinha
689,anthowest
690,emiltervo
691,Infisrael
692,MateSousa
693,canyoldas0
694,erfuun
695,madcitymultimedia
696,arunavabasu-03
697,JonathanCristovao
698,ugke
699,uk-2
700,aadarsh-af
701,karthikmurakonda
702,littlelionly
703,vidda5
704,AndreiMariciuc
705,michelececcacci
706,nabeelnoor
707,sherlcok314159
708,mist1024
709,elerner42
710,vedantraval2310
711,juliana-silva-hub
712,sudongyuer
713,LlandspitRunzingf
714,Westsi
715,AnmolVerma404
716,JoseLopezSolis
717,Ashish0898
718,zamoosh
719,anadeem2
720,natdosan
721,digitaljerrygit
722,cx63cc
723,David7ce
724,chococandy63
725,TruongNhanNguyen
726,TheFrontlineGen
727,weiliw-amz
728,lllllllllliiiilllliiliiiilllli
729,Aronib
730,VenuGarlapati26
731,FukazawaKazushi
732,TheTrueKen
733,sbdeveloper90
734,shirushi-dev
735,Samruddhi362
736,clearljn
737,Mairobinsky
738,pritamkpratihari
739,HenryDV
740,federicoreppucci-deliveroo
741,buiquangthanhcode
742,MJ-Tech-H
743,KendallDoesCoding
744,Shrey-Srivastava21
745,harshglory129
746,niravpi
747,Itisjigar
748,piyush31009
749,Ghasty003
750,adnene-guessoum
751,Yajie-Zhang
752,huseyingirgin-eva
753,script-lab
754,ccampa896
755,Ahmedhamza1232001
756,ishika1501
757,mdzaberalhamid
758,MuziZwane
759,batz-gg
760,jmoore78
761,Sai-teja-rachamalla
762,ekaterina4952
763,KalvenDebig
764,kumartul
765,loraxoy
766,YoliswaD
767,wanjanhasan
768,ndnan
769,NickMezacapa
770,fedebayer
771,danielaiyuan
772,NavratanPatel
773,Mohammadflht
774,Tahsin411934
775,Samruddhiiii
776,fvarghese99
777,nishantb06
778,Louuuaiii
779,FelipeFama
780,sanju50201
781,Arshu200
782,josephmartinmoran
783,AndreCoutinhom
784,natamartins
785,sssamm1
786,techprogo
787,SarfarajRahmn
788,Aniketchaudhary16
789,JeromeXapix
790,ClaudiaA18
791,ferhatkatar
792,Manbendra2014
793,Saleheddin
794,Shahid6289
795,henry-vipnet360
796,Kishank111
797,thrashghost
798,prejin2310
799,Sudhanva-Nadiger
800,ethangutknecht
801,mb4m1
802,Lucas1114
803,puppsupr
804,naji0329
805,SuperSmile0109
806,Giasinit
807,apella1
808,0laday0
809,pannacottaaaa
810,mars-aria
811,ygill
812,isaacbrendel
813,Avidlearner001
814,zagui-master
815,Ganesh972
816,marupon3910
817,Fuko-Ibuki
818,JeffreyChim
819,supbrice
820,BrunoGr0883
821,tomgangwang
822,emmyoh
823,leonardonakagawa
824,chkp-bryans
825,agurinv
826,sghost13
827,SpikyWU7
828,shashank-mishra14
829,Naveen2334
830,Angie-Zhang
831,Vladdstian
832,satayuji
833,HJPandey
834,ryanherd
835,gremsyQuanLe
836,Kenaaaaaa
837,koray-aydin
838,lchen104
839,louisphihaihoang
840,YasinAshorian
841,RahulDubey391
842,SnKToR
843,Rupesh510
844,akshit2257
845,pppppyamaP
846,Rajesh562020
847,Trik01
848,hemsridh
849,lowep
850,yolo102938
851,Zliced13
852,dhineshprabakaran
853,qdclub
854,asimpson0000
855,dmytrochumakov
856,thatme12
857,The-code-is-secret
858,jeremyw-dobeu
859,christine-sandbox
860,maxrathmann
861,AaronSMathew
862,FIDEL7Z
863,MirboboyevJasurjan
864,nadprime
865,aka5050
866,tori-ham
867,boscotba
868,jasonthedataguy
869,julianomolinari
870,Ponthezs
871,akhmadmamirov
872,bourbakiN97
873,Myceliose
874,mil2tech
875,ad0niram
876,chrisgomad
877,Julioalvestv
878,seespike
879,crr-bbai
880,ComprehensiveAmoeba
881,andedavd
882,WLHQ
883,manuelortizus
884,aibolu
885,MaxBryne
886,Frisek
887,shanenichols-channeladvisor
888,mircoisendu
889,romans1234
890,silviana-hs
891,risingcurve
892,rigvedp97
893,jcf170030
894,ThomasCode92
895,rsenthur
896,xmartinsbr
897,JulienCamp
898,ryan-w-roche
899,montyma-amazon
900,BryantVencil
901,Vasco-Arts
902,JapnoorHere
903,Pulimi1991
904,modabossymaxk
905,Janxxxx
906,naveenmishra14
907,BandhiyaHardik
908,srdegbe
909,pushkarcode
910,bbazwalt
911,Calum09
912,TaryNascimento
913,Itzkuldeep444
914,rafaelgandis
915,iamchiranjeebpanda01
916,gsoni1
917,Qianru69
918,mrlizhaozhi
919,soorajaryan007
920,IKashCode
921,Anmol5519
922,BigSlum
923,RomDev7
924,doski22
925,allaboutevemirolive
926,hongbo-wei
927,mdhumairraza
928,Laindrion
929,kdelcampo13
930,PixelBedrock
931,Hoppeful
932,vaddikeshavareddy
933,MahdiCodee
934,DonzerHD
935,darenj456
936,coder-nian
937,shubmanh
938,kybex11
939,VasanthamHimaanshu
940,1jana0
941,Armkas
942,mgtian03
943,rajwadejii
944,carlosgomezi
945,RaviYadav02
946,DadMouth82
947,Su-Tcode
948,gitteedara
949,iam-back
950,Ananya2311
951,MaxwellNi
952,winfredbo
953,Xie-h-bin123
954,Sheepdog2022
955,Salvapazzo86
956,Mohamed988o
957,htiennv
958,Shashank1407
959,ali-fraz
960,sbaws
961,Anis-Web
962,Ig0rFA
963,wshanleee
964,ansh2903
965,Arun-gox
966,amitsingh2022
967,java-oss
968,misaelsp
969,JaafarLezzaik
970,Renpeng01
971,shanechioa
972,davidade300
973,camilasoares045
974,poemww
975,MarcelloCordal
976,artemsyvko
977,sivalaxman07
978,raphaelguardiano
979,choiruddine
980,Nithin-singiri
981,adiibnuajat
982,yanwei257
983,gauravchakrxborty
984,sergiojfsunior
985,GiuLOCX
986,firefitdesgns
987,mgrundwuermer
988,Philipabao
989,Parv-cell
990,Olaffson
991,Hamza-H10
992,karthik121222
993,timboslice832
994,gilleswb
995,aostar168
996,tinajiang26
997,marcosdataleal
998,nandarshan
999,martinOofay2023
1000,gviictxr
1001,RomanGleizer
1002,josielabreu
1003,VISHALVARUN011002
1004,ColdCodedotso
1005,19raulruiz68
1006,zaim03767
1007,imishangrover
1008,wiscdn
1009,ortanaV2
1010,sks972
1011,omarhabd
1012,Kayra-Baran
1013,purushoth2603
1014,ywangire
1015,chende1121
1016,TF-185
1017,VidhiS07
1018,JCOOPER5646
1019,SangaoWe
1020,Maycon-dSilva
1021,imanol-2021-12
1022,andregustavoaguiar
1023,aws-apradana
1024,choimikey
1025,datamoro
1026,Maycon-Melo
1027,lanjua5899
1028,AnnaleaLayton
1029,Xeshing
1030,notjustjoshin
1031,niveshatom11
1032,amenihong
1033,MT-Designs
1034,ben9672
1035,Abeldsonndiku
1036,WIN1NG22
1037,GauravDevOps711
1038,PatientProblemSolver
1039,adityadatta11
1040,joaovgcoelho
1041,V-AI-ML-DL-DS-PL-PYTHON-JAVA-GO-2023-0
1042,Umesh2851997
1043,ModernSithLord
1044,ocupadaparavc
1045,hyeonu-kim
1046,nogueiralf
1047,zactseng
1048,ricberht
1049,abolfazlhajjar
1050,Tariq-Anjum
1051,vedamjamz
1052,Zzzyyy2023
1053,Chrishargrove58
1054,Kikikickss
1055,538mansi
1056,PPCXZ
1057,cvs0
1058,ZumaGr
1059,rshuba4
1060,sairavi5887
1061,ravigiri91
1062,dminduca
1063,hatimharrati
1064,acya-amazon
1065,fajarsyahbana98
1066,niroshinimurugadas
1067,harishravi131
1068,harishravi141
1069,harishravi151
